客户需求,功能用户,功能用户需求,触发事件,功能过程,子过程描述,数据移动类型,数据组,数据属性,CFP
功能测试进阶内容,发起者：平台用户 接收者：用例管理,具体操作支持对用户的新增、修改、删除、查询、重置密码、批量导入、批量导出等操作,用户进行用例管理查看,用户管理,企业成员,新增：E 修改：W 删除：X 查询：R 重置密码：W 批量导入：E 批量导出：R,用户信息,用户名：字符串，最大长度30，唯一标识 密码：字符串，加密存储，长度8-20位 邮箱：符合邮箱格式的字符串 手机号码：符合手机号码格式的字符串 角色：枚举（企业管理员、项目管理员、项目成员、自定义角色） 部门：字符串，最大长度50 状态：枚举（启用、禁用、待审核）,4
,发起者：平台用户 接收者：用例管理,2、系统具有企业管理员、项目管理员、项目成员三种项目管理角色，同时支持自定义角色设置权限。支持对角色的新增、修改、删除、查询，角色权限修改后对存量和增量用户均生效。,,用户管理,权限管理,新增：E 修改：W 删除：X 查询：R,角色信息,角色ID：唯一标识，整数类型 角色名称：字符串，最大长度20，唯一 权限列表：数组，包含权限标识（如用户管理：新增、修改、删除；项目管理：查看、编辑、删除等） 描述：字符串，最大长度100,4
,发起者：平台用户 接收者：用例管理,3、角色根据设置的权限，登录后显示相应权限的菜单项。企业管理员可访问本企业下所有项目，项目管理员、项目成员、自定义角色只能访问授权的项目。,,用户管理,权限管理,新增：E 修改：W 删除：X 查询：R,角色信息,角色ID：唯一标识，整数类型 角色名称：字符串，最大长度20，唯一 权限列表：数组，包含权限标识（如用户管理：新增、修改、删除；项目管理：查看、编辑、删除等） 描述：字符串，最大长度100,4
,发起者：平台用户 接收者：用例管理,4、定期对一级管理员、二级管理员、普通用户的人员在职状态进行验证和更新。,,用户管理,权限管理,验证：R 更新：W,用户在职状态信息,用户ID：唯一标识，字符串类型 在职状态：枚举（在职、离职、休假） 最后验证时间：日期时间类型,2
,发起者：平台用户 接收者：用例管理,3、支持登记/修改手机归属人，并保留变更日志。,,系统资源管理,设备管理,登记：E 修改：W,设备归属信息,设备ID：唯一标识，字符串类型 手机IMEI：符合IMEI格式的字符串，唯一 归属人ID：用户ID，字符串类型 登记时间：日期时间类型 修改时间：日期时间类型,2
,发起者：平台用户 接收者：用例执行,5、支持显示设备使用率。,用户进行用例执行，选择批量执行,系统资源管理,设备管理,R,设备使用数据,设备ID：唯一标识，字符串类型 使用时长：数值型，单位小时 使用次数：整数类型 最后使用时间：日期时间类型 总可用时长：数值型，单位小时,2
,发起者：平台用户 接收者：用例执行,2、支持查看设备正在执行的任务信息，支持终止任务。,,系统资源管理,设备管理,查看：R 终止：W,设备任务信息,任务ID：唯一标识，字符串类型 设备ID：唯一标识，字符串类型 任务名称：字符串，最大长度50 任务状态：枚举（执行中、暂停、已完成、失败） 开始时间：日期时间类型 预计结束时间：日期时间类型,10
,发起者：平台用户 接收者：用例执行,2、支持对告警记录进行搜索和清空。,,系统资源管理,设备监控,搜索：R 清空：X,告警记录信息,告警ID：唯一标识，字符串类型 设备ID：唯一标识，字符串类型 告警时间：日期时间类型 告警类型：枚举（设备故障、性能异常等） 告警内容：字符串 处理状态：枚举（未处理、已处理、处理中）,2
,发起者：平台用户 接收者：用例执行,1、需显示浏览器及其所在Web执行机的基本信息，包括IP地址、系统类型、浏览器型号、版本、状态等。,,系统资源管理,浏览器管理,R,浏览器与Web执行机信息,浏览器ID：唯一标识，字符串类型 Web执行机ID：唯一标识，字符串类型 IP地址：符合IP地址格式的字符串 系统类型：字符串，如Windows、Linux、Mac OS等 浏览器型号：字符串，如Chrome、Firefox、Edge等 版本：字符串 状态：枚举（空闲、忙碌、故障）,2
,发起者：平台用户 接收者：用例执行,2、支持查看浏览器正在执行的任务信息，支持终止任务。,,系统资源管理,浏览器管理,查看：R 终止：W,浏览器任务信息,任务ID：唯一标识，字符串类型 浏览器ID：唯一标识，字符串类型 任务名称：字符串，最大长度50 任务状态：枚举（执行中、暂停、已完成、失败） 开始时间：日期时间类型 预计结束时间：日期时间类型,8
,发起者：平台用户 接收者：报告管理,1、需显示桌面执行机的基本信息，包括IP地址、系统类型、系统版本、状态等。,用户点击报告管理，配置字段生成报告,系统资源管理,桌面管理,R,桌面执行机信息,桌面执行机ID：唯一标识，字符串类型 IP地址：符合IP地址格式的字符串 系统类型：字符串，如Windows、Linux、Mac OS等 系统版本：字符串 状态：枚举（空闲、忙碌、故障）,2
,发起者：平台用户 接收者：报告管理,2、支持查看桌面执行机正在执行的任务信息，支持终止任务。,,系统资源管理,桌面管理,查看：R 终止：W,桌面任务信息,任务ID：唯一标识，字符串类型 桌面执行机ID：唯一标识，字符串类型 任务名称：字符串，最大长度50 任务状态：枚举（执行中、暂停、已完成、失败） 开始时间：日期时间类型 预计结束时间：日期时间类型,8
,发起者：平台用户 接收者：报告管理,系统需支持按照环境配置数据库,,系统资源管理,环境管理,配置：E/W,数据库配置信息,环境ID：唯一标识，字符串类型 数据库类型：枚举（MySQL、Oracle、SQL Server等） 数据库地址：符合IP地址格式的字符串 端口：整数类型 用户名：字符串，最大长度30 密码：字符串，加密存储，长度8-20位 数据库名：字符串，最大长度50,6
,发起者：平台用户 接收者：报告管理,支持在脚本中选择已配置数据库进行SQL操作（增删改查）。,,系统资源管理,环境管理,增删改查：E/W/X/R,数据库操作数据,环境ID：唯一标识，字符串类型 SQL语句：字符串 操作结果：根据SQL操作类型确定，如查询结果为数据集，增删改结果为受影响的行数 执行时间：日期时间类型,10
,发起者：平台用户 接收者：报告管理,1、支持环境的新增、修改、删除、查询操作。,,系统资源管理,环境管理,新增：E 修改：W 删除：X 查询：R,环境信息,环境ID：唯一标识，字符串类型 环境名称：字符串，最大长度50，唯一 环境描述：字符串，最大长度200 关联数据库ID：字符串类型，关联数据库配置表中的ID 创建时间：日期时间类型 修改时间：日期时间类型,7
,发起者：平台用户 接收者：缺陷管理,2、支持配置环境Host文件，用于Web端URL访问。,用户点击缺陷管理，进行定级划分,系统资源管理,环境管理,配置：E/W,Host文件配置信息,环境ID：唯一标识，字符串类型 域名：符合域名格式的字符串 IP地址：符合IP地址格式的字符串 生效时间：日期时间类型 失效时间：日期时间类型,5
,发起者：平台用户 接收者：缺陷管理,1、环境支持新增数据库配置、支持对数据库配置的修改和删除。,,系统资源管理,环境管理,新增：E 修改：W 删除：X,数据库配置信息,环境ID：唯一标识，字符串类型 数据库类型：枚举（MySQL、Oracle、SQL Server等） 数据库地址：符合IP地址格式的字符串 端口：整数类型 用户名：字符串，最大长度30 密码：字符串，加密存储，长度8-20位 数据库名：字符串，最大长度50,10
,发起者：平台用户 接收者：缺陷管理,2、配置数据库时支持连通性测试。,,系统资源管理,环境管理,新增：E 修改：W 删除：X,数据库配置信息,环境ID：唯一标识，字符串类型 数据库类型：枚举（MySQL、Oracle、SQL Server等） 数据库地址：符合IP地址格式的字符串 端口：整数类型 用户名：字符串，最大长度30 密码：字符串，加密存储，长度8-20位 数据库名：字符串，最大长度50,5
,发起者：平台用户 接收者：缺陷管理,1、系统支持配置代码仓库，用于脚本调用第三方脚本。,,系统资源管理,代码仓库配置,配置：E,代码仓库信息,代码仓库ID：唯一标识，字符串类型 仓库地址：字符串 认证方式：枚举（用户名密码、令牌等） 用户名：字符串，最大长度30 密码：字符串，加密存储，长度8-20位 仓库类型：枚举（Git、SVN等）,10
,发起者：平台用户 接收者：缺陷管理,3、在脚本编写时可以插入第三方脚本，并将执行结果赋值给变量。,,系统资源管理,代码仓库配置,E/W,脚本执行信息,脚本ID：字符串，唯一标识；第三方脚本ID：字符串；执行结果：字符串；赋值变量：字符串,8
,,,,,,,,,
子过程描述,数据移动类型,数据组,数据属性,CFP,,,,,
创建成功与否提示信息,R,操作结果信息,操作状态：枚举（成功、失败），提示内容：字符串，最大长度100,2,,,,,
展示最终结果,R,操作结果信息,操作状态：枚举（成功、失败），结果描述：字符串，最大长度200,2,,,,,
增加权限限制，修改时进行权限判断,R/W,权限信息,用户ID：字符串，唯一标识；权限标识：枚举（读、写、删等）；操作时间：日期时间类型,4,,,,,
写入用例库修改信息,W,用例库信息,用例ID：字符串，唯一标识；修改内容：字符串；修改时间：日期时间类型,4,,,,,
修改成功与否提示信息,R,操作结果信息,操作状态：枚举（成功、失败），提示内容：字符串，最大长度100,2,,,,,
增加权限限制，删除时进行权限判断,R/X,权限信息,用户ID：字符串，唯一标识；权限标识：枚举（读、写、删等）；操作时间：日期时间类型,4,,,,,
写入用例库删除信息,X,用例库信息,用例ID：字符串，唯一标识；删除时间：日期时间类型,4,,,,,
删除成功与否提示信息,R,操作结果信息,操作状态：枚举（成功、失败），提示内容：字符串，最大长度100,2,,,,,
增加权限限制，提供撤销删除,R/W,删除记录信息,删除记录ID：字符串，唯一标识；原始数据：JSON格式；撤销状态：枚举（已撤销、未撤销）,6,,,,,
写入撤销质量,W,删除记录信息,删除记录ID：字符串，唯一标识；撤销时间：日期时间类型,4,,,,,
撤销成功与否提示信息,R,操作结果信息,操作状态：枚举（成功、失败），提示内容：字符串，最大长度100,2,,,,,
展示撤销结果,R,删除记录信息,删除记录ID：字符串，唯一标识；撤销状态：枚举（已撤销、未撤销）；结果描述：字符串，最大长度200,2,,,,,
用户点击更新查询,R,查询记录信息,查询ID：字符串，唯一标识；查询条件：字符串；查询时间：日期时间类型,4,,,,,
查询接口查询信息,R,接口信息,接口ID：字符串，唯一标识；查询参数：JSON格式；查询结果：JSON格式,6,,,,,
接口更新选择，确认是否更新,R/W,接口信息,接口ID：字符串，唯一标识；更新状态：枚举（是、否）；操作时间：日期时间类型,6,,,,,
接口数据更新，测试用例数据参数根据选择进行更新,W,测试用例信息,用例ID：字符串，唯一标识；参数数据：JSON格式；更新时间：日期时间类型,6,,,,,
提示是否操作成功,R,操作结果信息,操作状态：枚举（成功、失败），提示内容：字符串，最大长度100,2,,,,,
展示更新差异,R,更新差异信息,用例ID：字符串，唯一标识；旧数据：JSON格式；新数据：JSON格式,4,,,,,
查看环境列表,R,环境信息,环境ID：字符串，唯一标识；环境名称：字符串，最大长度50；状态：枚举（启用、禁用）,4,,,,,
查看环境,R,环境信息,环境ID：字符串，唯一标识；环境名称：字符串，最大长度50；描述：字符串，最大长度200,4,,,,,
点击环境,R,环境信息,环境ID：字符串，唯一标识；点击时间：日期时间类型,2,,,,,
弹出环境名称,R,环境信息,环境ID：字符串，唯一标识；环境名称：字符串，最大长度50,2,,,,,
提示是否展示成功,R,操作结果信息,操作状态：枚举（成功、失败），提示内容：字符串，最大长度100,2,,,,,
查看环境名称,R,环境信息,环境ID：字符串，唯一标识；环境名称：字符串，最大长度50,2,,,,,
查看缺陷,R,缺陷信息,缺陷ID：字符串，唯一标识；缺陷标题：字符串，最大长度100；状态：枚举（未解决、已解决）,4,,,,,
选择用例库,R,用例库信息,用例库ID：字符串，唯一标识；名称：字符串，最大长度50,2,,,,,
选择用例,R,用例信息,用例ID：字符串，唯一标识；用例名称：字符串，最大长度50,2,,,,,
点击绑定,W,绑定信息,绑定ID：字符串，唯一标识；用例ID：字符串；缺陷ID：字符串；绑定时间：日期时间类型,4,,,,,
提示是否绑定成功,R,操作结果信息,操作状态：枚举（成功、失败），提示内容：字符串，最大长度100,2,,,,,
输入失败信息,E,失败信息,失败记录ID：字符串，唯一标识；失败描述：字符串，最大长度200；记录时间：日期时间类型,4,,,,,
粘贴截图,E,附件信息,附件ID：字符串，唯一标识；文件路径：字符串；上传时间：日期时间类型,4,,,,,
点击保存,W,失败信息,失败记录ID：字符串，唯一标识；失败描述：字符串，最大长度200；保存时间：日期时间类型,4,,,,,
提示保存成功,R,操作结果信息,操作状态：枚举（成功、失败），提示内容：字符串，最大长度100,2,,,,,
查看失败信息,R,失败信息,失败记录ID：字符串，唯一标识；失败描述：字符串，最大长度200；记录时间：日期时间类型,4,,,,,
点击图片快捷复制,R/W,附件信息,附件ID：字符串，唯一标识；文件路径：字符串；复制状态：枚举（已复制、未复制）,4,,,,,
复制截图,W,附件信息,附件ID：字符串，唯一标识；复制路径：字符串；复制时间：日期时间类型,4,,,,,
提示是否复制成功,R,操作结果信息,操作状态：枚举（成功、失败），提示内容：字符串，最大长度100,2,,,,,
展示复制结果,R,附件信息,附件ID：字符串，唯一标识；复制路径：字符串；复制状态：枚举（已复制、未复制）,2,,,,,
查询用例列表,R,用例信息,用例ID：字符串，唯一标识；用例名称：字符串，最大长度50；状态：枚举（启用、禁用）,4,,,,,
选择手工用例筛选,R,用例信息,用例ID：字符串，唯一标识；筛选条件：字符串；筛选时间：日期时间类型,4,,,,,
点击确定,W,筛选结果信息,筛选ID：字符串，唯一标识；筛选条件：字符串；结果数据：JSON格式,4,,,,,
返回用例列表,R,用例信息,用例ID：字符串，唯一标识；用例名称：字符串，最大长度50；状态：枚举（启用、禁用）,4,,,,,
查看用例,R,用例信息,用例ID：字符串，唯一标识；用例名称：字符串，最大长度50；描述：字符串，最大长度200,4,,,,,
选择接口用例筛选,R,用例信息,用例ID：字符串，唯一标识；筛选条件：字符串；筛选时间：日期时间类型,4,,,,,
选择高极搜索,R,用例信息,用例ID：字符串，唯一标识；搜索条件：字符串；搜索时间：日期时间类型,4,,,,,
点击删除用例库,X,用例库信息,用例库ID：字符串，唯一标识；删除时间：日期时间类型,4,,,,,
查询用户权限,R,权限信息,用户ID：字符串，唯一标识；权限标识：枚举（读、写、删等）,4,,,,,
查询用例库数据,R,用例库信息,用例库ID：字符串，唯一标识；名称：字符串，最大长度50；数据内容：JSON格式,4,,,,,
提示删除成功,R,操作结果信息,操作状态：枚举（成功、失败），提示内容：字符串，最大长度100,2,,,,,
查看回收站,R,回收站信息,记录ID：字符串，唯一标识；用例库ID：字符串；删除时间：日期时间类型,4,,,,,
点击撤销删除用例库,W,回收站信息,记录ID：字符串，唯一标识；撤销状态：枚举（已撤销、未撤销）；撤销时间：日期时间类型,6,,,,,
提示撤销成功,R,操作结果信息,操作状态：枚举（成功、失败），提示内容：字符串，最大长度100,2,,,,,
查看撤销结果,R,回收站信息,记录ID：字符串，唯一标识；撤销状态：枚举（已撤销、未撤销）；结果描述：字符串，最大长度200,2,,,,,
,,,,,,,,,
,,,,,,,,,
客户需求,功能用户,功能用户需求,触发事件,功能过程,子过程描述,数据移动类型,数据组,数据属性,CFP
集团规范,客户经理,4G终端捆绑及营销案到期查询,,,,R,终端信息,终端ID：字符串，唯一标识；捆绑状态：枚举（已捆绑、未捆绑）；到期时间：日期时间类型,15
集团规范,客户经理,集团信息化产品总预算、员工通信总预算,,,,R,预算信息,预算ID：字符串，唯一标识；产品预算：数值型；员工通信预算：数值型；统计时间：日期时间类型,15
集团规范,客户经理,网内网外成员信息查询,,,,R,成员信息,成员ID：字符串，唯一标识；网络状态：枚举（网内、网外）；姓名：字符串，最大长度30,21
集团规范,客户经理,集团客户漏斗搜索,,,,R,漏斗信息,客户ID：字符串，唯一标识；漏斗阶段：枚举（潜在、意向、签约等）；搜索条件：字符串,17
集团规范,客户经理,集团资料删除,,,,X,客户信息,客户ID：字符串，唯一标识；删除时间：日期时间类型,17
集团规范,客户经理,新增外网成员,,,,E,成员信息,成员ID：字符串，唯一标识；姓名：字符串，最大长度30；网络状态：枚举（网外）；创建时间：日期时间类型,12
集团规范,客户经理,集团成员资料信息修改,,,,W,成员信息,成员ID：字符串，唯一标识；姓名：字符串，最大长度30；修改内容：字符串；修改时间：日期时间类型,20
集团规范,客户经理,集团客户下不同运营商产品,,,,R,产品信息,产品ID：字符串，唯一标识；运营商：字符串；客户ID：字符串,8
集团规范,客户经理,集团客户不同运营商下集团产品成员,,,,R,成员信息,成员ID：字符串，唯一标识；产品ID：字符串；运营商：字符串,8
集团规范,客户经理,集团产品IDC对手信息录入,,,,E,对手信息,信息ID：字符串，唯一标识；产品类型：枚举（IDC）；对手名称：字符串，最大长度50；录入时间：日期时间类型,12
集团规范,客户经理,集团产品专线对手信息录入,,,,E,对手信息,信息ID：字符串，唯一标识；产品类型：枚举（专线）；对手名称：字符串，最大长度50；录入时间：日期时间类型,12
集团规范,客户经理,集团产品集团电话对手信息录入,,,,E,对手信息,信息ID：字符串，唯一标识；产品类型：枚举（集团电话）；对手名称：字符串，最大长度50；录入时间：日期时间类型,12
集团规范,客户经理,集团产品物联网对手信息录入,,,,E,对手信息,信息ID：字符串，唯一标识；产品类型：枚举（物联网）；对手名称：字符串，最大长度50；录入时间：日期时间类型,12
集团规范,客户经理,集团产品总预算信息录入,,,,E,预算信息,预算ID：字符串，唯一标识；产品预算：数值型；录入时间：日期时间类型,12
集团规范,客户经理,集团产品漏斗搜索,,,,R,漏斗信息,产品ID：字符串，唯一标识；漏斗阶段：枚举（潜在、意向、签约等）；搜索条件：字符串,11
集团规范,客户经理,集团产品对手信息修改,,,,W,对手信息,信息ID：字符串，唯一标识；修改内容：字符串；修改时间：日期时间类型,17
集团规范,客户经理,集团产品对手信息删除,,,,X,对手信息,信息ID：字符串，唯一标识；删除时间：日期时间类型,12
集团规范,客户经理,产品到期时间录入,,,,E,产品信息,产品ID：字符串，唯一标识；到期时间：日期时间类型；录入时间：日期时间类型,12
集团规范,客户经理,移动400商机录入,,,,E,商机信息,商机ID：字符串，唯一标识；类型：枚举（移动400）；描述：字符串，最大长度200；录入时间：日期时间类型,12
集团规范,客户经理,集团短信商机录入,,,,E,商机信息,商机ID：字符串，唯一标识；类型：枚举（短信）；描述：字符串，最大长度200；录入时间：日期时间类型,12
集团规范,客户经理,语音专线商机录入,,,,E,商机信息,商机ID：字符串，唯一标识；类型：枚举（语音专线）；描述：字符串，最大长度200；录入时间：日期时间类型,12
集团规范,客户经理,数据专线商机录入,,,,E,商机信息,商机ID：字符串，唯一标识；类型：枚举（数据专线）；描述：字符串，最大长度200；录入时间：日期时间类型,12
集团规范,客户经理,商机处理成功统计,,,,R,商机统计信息,统计ID：字符串，唯一标识；成功数量：整数类型；统计时间：日期时间类型,9
集团规范,客户经理,商机进展查询,,,,R,商机信息,商机ID：字符串，唯一标识；进展状态：枚举（待处理、进行中、已完成）；查询时间：日期时间类型,14
集团规范,客户经理,商机进展录入,,,,E,商机信息,商机ID：字符串，唯一标识；进展状态：枚举（待处理、进行中、已完成）；录入时间：日期时间类型,12
集团规范,客户经理,创建预约工单,,,,E,工单信息,工单ID：字符串，唯一标识；创建者ID：字符串；预约时间：日期时间类型；状态：枚举（待处理、已完成）,12
集团规范,ESOP平台,预约工单流转,,,,W,工单信息,工单ID：字符串，唯一标识；流转状态：枚举（待审核、处理中、已完成）；更新时间：日期时间类型,8
集团规范,客户经理,预约拍照附件,,,,E,附件信息,附件ID：字符串，唯一标识；工单ID：字符串；文件路径：字符串；上传时间：日期时间类型,8
集团规范,客户经理,预约附件上传,,,,E,附件信息,附件ID：字符串，唯一标识；工单ID：字符串；文件路径：字符串；上传时间：日期时间类型,15
集团规范,ESOP平台,预约工单短信通知,,,,W,通知信息,通知ID：字符串，唯一标识；工单ID：字符串；手机号码：字符串；发送时间：日期时间类型,6
集团规范,客户经理,预约工单流程查询,,,,R,工单信息,工单ID：字符串，唯一标识；流程状态：枚举（待处理、处理中、已完成）；查询时间：日期时间类型,14
集团规范,客户经理,预约工单信息查询,,,,R,工单信息,工单ID：字符串，唯一标识；创建者ID：字符串；预约时间：日期时间类型,14
集团规范,客户经理,创建签约工单,,,,E,工单信息,工单ID：字符串，唯一标识；创建者ID：字符串；签约时间：日期时间类型；状态：枚举（待处理、已完成）,12
集团规范,ESOP平台,签约工单流转,,,,W,工单信息,工单ID：字符串，唯一标识；流转状态：枚举（待审核、处理中、已完成）；更新时间：日期时间类型,8
集团规范,客户经理,签约拍照附件,,,,E,附件信息,附件ID：字符串，唯一标识；工单ID：字符串；文件路径：字符串；上传时间：日期时间类型,8
集团规范,客户经理,签约附件上传,,,,E,附件信息,附件ID：字符串，唯一标识；工单ID：字符串；文件路径：字符串；上传时间：日期时间类型,15
集团规范,ESOP平台,签约工单短信通知,,,,W,通知信息,通知ID：字符串，唯一标识；工单ID：字符串；手机号码：字符串；发送时间：日期时间类型,6
集团规范,客户经理,签约工单流程查询,,,,R,工单信息,工单ID：字符串，唯一标识；流程状态：枚举（待处理、处理中、已完成）；查询时间：日期时间类型,14
集团规范,客户经理,签约工单信息查询,,,,R,工单信息,工单ID：字符串，唯一标识；创建者ID：字符串；签约时间：日期时间类型,14
集团规范,客户经理,创建开通工单,,,,E,工单信息,工单ID：字符串，唯一标识；创建者ID：字符串；开通时间：日期时间类型；状态：枚举（待处理、已完成）,12
集团规范,ESOP平台,开通工单流转,,,,W,工单信息,工单ID：字符串，唯一标识；流转状态：枚举（待审核、处理中、已完成）；更新时间：日期时间类型,8
集团规范,客户经理,开通拍照附件,,,,E,附件信息,附件ID：字符串，唯一标识；工单ID：字符串；文件路径：字符串；上传时间：日期时间类型,8
集团规范,客户经理,开通附件上传,,,,E,附件信息,附件ID：字符串，唯一标识；工单ID：字符串；文件路径：字符串；上传时间：日期时间类型,15
集团规范,ESOP平台,开通工单短信通知,,,,W,通知信息,通知ID：字符串，唯一标识；工单ID：字符串；手机号码：字符串；发送时间：日期时间类型,6
集团规范,客户经理,开通工单流程查询,,,,R,工单信息,工单ID：字符串，唯一标识；流程状态：枚举（待处理、处理中、已完成）；查询时间：日期时间类型,14
集团规范,客户经理,开通工单信息查询,,,,R,工单信息,工单ID：字符串，唯一标识；创建者ID：字符串；开通时间：日期时间类型,14
集团规范,客户经理,集团客户地址地图定位,,,,R,地址信息,地址ID：字符串，唯一标识；经纬度：数值型；定位时间：日期时间类型,9
集团规范,客户经理,定位签到,,,,E,签到信息,签到ID：字符串，唯一标识；用户ID：字符串；签到地址：字符串；签到时间：日期时间类型,8
集团规范,客户经理,签到附件上传,,,,E,附件信息,附件ID：字符串，唯一标识；文件路径：字符串；上传时间：日期时间类型,15
集团规范,客户经理,系统启动,,,,R,系统状态信息,系统状态：枚举（运行中、停止）；启动时间：日期时间类型,8
集团规范,客户经理,系统登录,,,,R/W,用户信息,用户名：字符串，最大长度30；密码：字符串，加密存储，长度8-20；登录时间：日期时间类型,15
集团规范,客户经理,集团单位产品收入,,,,R,收入信息,单位ID：字符串，唯一标识；产品ID：字符串；收入金额：数值型；统计时间：日期时间类型,8
集团规范,客户经理,集团成员统付收入,,,,R,收入信息,成员ID：字符串，唯一标识；收入金额：数值型；统计时间：日期时间类型,7.5
集团规范,客户经理,集团成员统付收入环比净增率,,,,R,收入统计信息,成员ID：字符串，唯一标识；净增率：数值型；统计时间：日期时间类型,8
集团规范,客户经理,集团单位产品收入环比净增率,,,,R,收入统计信息,单位ID：字符串，唯一标识；净增率：数值型；统计时间：日期时间类型,8
集团规范,客户经理,集团单位客户总数,,,,R,客户统计信息,单位ID：字符串，唯一标识；客户总数： mídia_type_integer；统计时间：日期时间类型,8
集团规范,客户经理,集团单位成员总数,,,,R,成员统计信息,单位ID：字符串，唯一标识；成员总数：整数类型；统计时间：日期时间类型,8
集团规范,客户经理,集团单位情报总数,,,,R,情报统计信息,单位ID：字符串，唯一标识；情报总数：整数类型；统计时间：日期时间类型,8
集团规范,客户经理,集团单位日志总数,,,,R,日志统计信息,单位ID：字符串，唯一标识；日志总数：整数类型；统计时间：日期时间类型,8
集团规范,客户经理,集团单位预警总数总数,,,,R,预警统计信息,单位ID：字符串，唯一标识；预警总数：整数类型；统计时间：日期时间类型,8
集团规范,客户经理,集团USIM,,,,R,USIM信息,USIM ID：字符串，唯一标识；状态：枚举（启用、禁用）；统计时间：日期时间类型,8
集团规范,客户经理,集团4G终端,,,,R,终端信息,终端ID：字符串，唯一标识；类型：枚举（4G）；状态：枚举（启用、禁用）,8
集团规范,客户经理,集团4G客户,,,,R,客户信息,客户ID：字符串，唯一标识；4G状态：枚举（是、否）；统计时间：日期时间类型,8
集团规范,客户经理,集团4G渗透率,,,,R,渗透率信息,单位ID：字符串，唯一标识；渗透率：数值型；统计时间：日期时间类型,8
集团规范,客户经理,集团USIM环比增幅,,,,R,统计信息,单位ID：字符串，唯一标识；增幅：数值型；统计时间：日期时间类型,8
集团规范,客户经理,集团4G终端环比增幅,,,,R,统计信息,单位ID：字符串，唯一标识；增幅：数值型；统计时间：日期时间类型,8
集团规范,客户经理,集团4G客户环比增幅,,,,R,统计信息,单位ID：字符串，唯一标识；增幅：数值型；统计时间：日期时间类型,8
集团规范,客户经理,集团4G渗透率环比增幅,,,,R,统计信息,单位ID：字符串，唯一标识；增幅：数值型；统计时间：日期时间类型,8
集团规范,总部接口平台,点击量数据文件,,,,R,点击量信息,文件ID：字符串，唯一标识；点击量：整数类型；生成时间：日期时间类型,11
集团规范,总部接口平台,账号访问量数据文件,,,,R,访问量信息,文件ID：字符串，唯一标识；访问量：整数类型；生成时间：日期时间类型,11
集团规范,总部接口平台,信息分析数据文件,,,,R,分析信息,文件ID：字符串，唯一标识；分析结果：JSON格式；生成时间：日期时间类型,11
集团客户列表,客户经理,客户经理查询集团列表,,,,R,客户信息,客户ID：字符串，唯一标识；名称：字符串，最大长度50；状态：枚举（启用、禁用）,41
集团基本信息,客户经理,集团基本信息,,,,R,客户信息,客户ID：字符串，唯一标识；名称：字符串，最大长度50；地址：字符串，最大长度200,38
集团关键人联系人,客户经理,集团关键人联系人信息,,,,R,联系人信息,联系人ID：字符串，唯一标识；姓名：字符串，最大长度30；电话：字符串,37
集团综合指标展示,客户经理,集团综合指标展示,,,,R,指标信息,指标ID：字符串，唯一标识；指标名称：字符串，最大长度50；值：数值型；统计时间：日期时间类型,89.5
集团客户定位功能,客户经理,集团客户定位,,,,R,定位信息,客户ID：字符串，唯一标识；经纬度：数值型；定位时间：日期时间类型,28.5
集团订购产品列表,客户经理,集团订购产品列表,,,,R,产品信息,产品ID：字符串，唯一标识；名称：字符串，最大长度50；客户ID：字符串,30
集团订购产品具体信息,客户经理,集团订购产品信息,,,,R,产品信息,产品ID：字符串，唯一标识；名称：字符串，最大长度50；详情：字符串，最大长度200,55
集团收入情况,客户经理,集团收入情况,,,,R,收入信息,客户ID：字符串，唯一标识；收入金额：数值型；统计时间：日期时间类型,21.5
集团推荐营销产品,客户经理,推荐营销产品,,,,R,产品信息,产品ID：字符串，唯一标识；名称：字符串，最大长度50；推荐状态：枚举（推荐、未推荐）,9.5
集团产品成员列表,客户经理,集团产品成员列表,,,,R,成员信息,成员ID：字符串，唯一标识；产品ID：字符串；姓名：字符串，最大长度30,47.5
集团账户列表,客户经理,集团账户列表,,,,R,账户信息,账户ID：字符串，唯一标识；客户ID：字符串；状态：枚举（正常、欠费）,13.5
集团账户基本信息,客户经理,集团账户基本信息,,,,R,账户信息,账户ID：字符串，唯一标识；余额：数值型；创建时间：日期时间类型,41.5
集团欠费账户信息,客户经理,集团欠费信息,,,,R,欠费信息,账户ID：字符串，唯一标识；欠费金额：数值型；欠费时间：日期时间类型,10.5
集团坏账信息,客户经理,集团坏账信息,,,,R,坏账信息,账户ID：字符串，唯一标识；坏账金额：数值型；记录时间：日期时间类型,10.5
集团出票情况信息,客户经理,集团出票信息,,,,R,出票信息,出票ID：字符串，唯一标识；客户ID：字符串；金额：数值型；出票时间：日期时间类型,20.5
集团物理成员列表,客户经理,集团物理成员,,,,R,成员信息,成员ID：字符串，唯一标识；姓名：字符串，最大长度30；状态：枚举（在职、离职）,14.5
,,,,,,,,,
客户需求,功能用户,功能用户需求,触发事件,功能过程,子过程描述,数据移动类型,数据组,数据属性,CFP
APP自动化管理,用户：平台用户 接收者：应用管理,支持Android、iOS、Windows、Mac OS、Linux终端应用的上传、下载、删除、查询等操作。支持对应用安装包版本的查询和管理。,,应用管理,上传应用,E,应用信息,应用ID：字符串，唯一标识；应用名称：字符串，最大长度50；版本号：字符串；文件路径：字符串；上传时间：日期时间类型,8
,,,,应用管理,下载应用,R,应用信息,应用ID：字符串，唯一标识；应用名称：字符串，最大长度50；版本号：字符串；下载路径：字符串；下载时间：日期时间类型,6
,,,,应用管理,删除应用,X,应用信息,应用ID：字符串，唯一标识；删除时间：日期时间类型,6
,,,,应用管理,查询应用,R,应用信息,应用ID：字符串，唯一标识；应用名称：字符串，最大长度50；版本号：字符串；查询时间：日期时间类型,4
,,,,应用管理,查询应用版本,R,版本信息,应用ID：字符串，唯一标识；版本号：字符串；发布日期：日期时间类型,4
APP自动化管理,用户：平台用户 接收者：脚本设计,支持Android、iOS、鸿蒙NEXT系统终端应用的脚本设计，支持脚本的批量上传、下载、删除、查询等操作。支持脚本绑定测试用例。,,脚本设计,新建脚本填写基本信息如脚本名称、标签、设计人、所属应用等,E,脚本信息,脚本ID：字符串，唯一标识；名称：字符串，最大长度50；标签：字符串；设计人ID：字符串；应用ID：字符串；创建时间：日期时间类型,7
,,,,脚本设计,新建脚本时在映射屏选择启动设备,R/W,设备信息,设备ID：字符串，唯一标识；设备状态：枚举（空闲、忙碌）；选择时间：日期时间类型,6
,,,,脚本设计,脚本批量上传,E,脚本信息,脚本ID：字符串，唯一标识；名称：字符串，最大长度50；文件路径：字符串；上传时间：日期时间类型,8
,,,,脚本设计,脚本下载,R,脚本信息,脚本ID：字符串，唯一标识；名称：字符串，最大长度50；下载路径：字符串；下载时间：日期时间类型,6
,,,,脚本设计,脚本删除,X,脚本信息,脚本ID：字符串，唯一标识；删除时间：日期时间类型,6
,,,,脚本设计,脚本查询,R,脚本信息,脚本ID：字符串，唯一标识；名称：字符串，最大长度50；查询时间：日期时间类型,4
,,,,脚本设计,绑定测试用例,W,绑定信息,绑定ID：字符串，唯一标识；脚本ID：字符串；用例ID：字符串；绑定时间：日期时间类型,6
APP自动化管理,用户：平台用户 接收者：任务管理,支持任务的新增、修改、删除、查询、暂停、继续、终止等操作。支持查看任务执行进度及执行结果。支持任务绑定执行机及执行应用。,,任务管理,新增任务,E,任务信息,任务ID：字符串，唯一标识；任务名称：字符串，最大长度50；创建者ID：字符串；创建时间：日期时间类型,8
,,,,任务管理,修改任务,W,任务信息,任务ID：字符串，唯一标识；任务名称：字符串，最大长度50；修改内容：字符串；修改时间：日期时间类型,6
,,,,任务管理,删除任务,X,任务信息,任务ID：字符串，唯一标识；删除时间：日期时间类型,6
,,,,任务管理,查询任务,R,任务信息,任务ID：字符串，唯一标识；任务名称：字符串，最大长度50；查询时间：日期时间类型,4
,,,,任务管理,暂停任务,W,任务状态信息,任务ID：字符串，唯一标识；状态：枚举（暂停）；更新时间：日期时间类型,6
,,,,任务管理,继续任务,W,任务状态信息,任务ID：字符串，唯一标识；状态：枚举（执行中）；更新时间：日期时间类型,6
,,,,任务管理,终止任务,W,任务状态信息,任务ID：字符串，唯一标识；状态：枚举（终止）；更新时间：日期时间类型,6
,,,,任务管理,查看任务执行进度,R,任务进度信息,任务ID：字符串，唯一标识；进度：数值型（百分比）；更新时间：日期时间类型,4
,,,,任务管理,查看任务执行结果,R,任务结果信息,任务ID：字符串，唯一标识；结果状态：枚举（成功、失败）；结果描述：字符串，最大长度200,4
,,,,任务管理,绑定执行机,W,绑定信息,绑定ID：字符串，唯一标识；任务ID：字符串；执行机ID：字符串；绑定时间：日期时间类型,6
,,,,任务管理,绑定执行应用,W,绑定信息,绑定ID：字符串，唯一标识；任务ID：字符串；应用ID：字符串；绑定时间：日期时间类型,6
APP自动化管理,用户：平台用户 接收者：报告管理,支持任务执行结果的统计分析及报告生成，支持报告的下载及查询。支持报告字段的配置。,,报告管理,生成任务执行结果报告,E,报告信息,报告ID：字符串，唯一标识；任务ID：字符串；生成时间：日期时间类型；内容：JSON格式,8
,,,,报告管理,统计任务执行结果,R,统计信息,任务ID：字符串，唯一标识；成功率：数值型；失败率：数值型；统计时间：日期时间类型,6
,,,,报告管理,下载报告,R,报告信息,报告ID：字符串，唯一标识；下载路径：字符串；下载时间：日期时间类型,6
,,,,报告管理,查询报告,R,报告信息,报告ID：字符串，唯一标识；任务ID：字符串；查询时间：日期时间类型,4
,,,,报告管理,配置报告字段,W,报告配置信息,配置ID：字符串，唯一标识；字段列表：JSON格式；更新时间：日期时间类型,6
APP自动化管理,用户：平台用户 接收者：缺陷管理,支持缺陷的新增、修改、查询操作。支持缺陷绑定任务及脚本。,,缺陷管理,新增缺陷,E,缺陷信息,缺陷ID：字符串，唯一标识；标题：字符串，最大长度100；描述：字符串，最大长度500；创建时间：日期时间类型,8
,,,,缺陷管理,修改缺陷,W,缺陷信息,缺陷ID：字符串，唯一标识；标题：字符串，最大长度100；修改内容：字符串；修改时间：日期时间类型,6
,,,,缺陷管理,查询缺陷,R,缺陷信息,缺陷ID：字符串，唯一标识；标题：字符串，最大长度100；查询时间：日期时间类型,4
,,,,缺陷管理,绑定任务,W,绑定信息,绑定ID：字符串，唯一标识；缺陷ID：字符串；任务ID：字符串；绑定时间：日期时间类型,6
,,,,缺陷管理,绑定脚本,W,绑定信息,绑定ID：字符串，唯一标识；缺陷ID：字符串；脚本ID：字符串；绑定时间：日期时间类型,6
,,,,,,,,,
,,,,,,,,,
客户需求,功能用户,功能用户需求,触发事件,功能过程,子过程描述,数据移动类型,数据组,数据属性,CFP
Web自动化管理,用户：平台用户 接收者：浏览器管理,支持Chrome、Firefox、Edge等浏览器的配置、查询、删除操作。支持查看浏览器版本及状态。,,浏览器管理,配置浏览器,E/W,浏览器信息,浏览器ID：字符串，唯一标识；类型：枚举（Chrome、Firefox、Edge）；版本号：字符串；配置时间：日期时间类型,8
,,,,浏览器管理,查询浏览器,R,浏览器信息,浏览器ID：字符串，唯一标识；类型：枚举（Chrome、Firefox、Edge）；版本号：字符串；查询时间：日期时间类型,4
,,,,浏览器管理,删除浏览器,X,浏览器信息,浏览器ID：字符串，唯一标识；删除时间：日期时间类型,6
,,,,浏览器管理,查看浏览器状态,R,浏览器状态信息,浏览器ID：字符串，唯一标识；状态：枚举（空闲、忙碌、故障）；更新时间：日期时间类型,4
Web自动化管理,用户：平台用户 接收者：脚本设计,支持Web端脚本的创建、修改、删除、查询操作。支持脚本绑定测试用例及浏览器。,,脚本设计,创建Web脚本,E,脚本信息,脚本ID：字符串，唯一标识；名称：字符串，最大长度50；创建者ID：字符串；创建时间：日期时间类型,7
,,,,脚本设计,修改Web脚本,W,脚本信息,脚本ID：字符串，唯一标识；名称：字符串，最大长度50；修改内容：字符串；修改时间：日期时间类型,6
,,,,脚本设计,删除Web脚本,X,脚本信息,脚本ID：字符串，唯一标识；删除时间：日期时间类型,6
,,,,脚本设计,查询Web脚本,R,脚本信息,脚本ID：字符串，唯一标识；名称：字符串，最大长度50；查询时间：日期时间类型,4
,,,,脚本设计,绑定测试用例,W,绑定信息,绑定ID：字符串，唯一标识；脚本ID：字符串；用例ID：字符串；绑定时间：日期时间类型,6
,,,,脚本设计,绑定浏览器,W,绑定信息,绑定ID：字符串，唯一标识；脚本ID：字符串；浏览器ID：字符串；绑定时间：日期时间类型,6
Web自动化管理,用户：平台用户 接收者：任务管理,支持任务的新增、修改、删除、查询、暂停、继续、终止操作。支持任务绑定执行机及浏览器。,,任务管理,新增任务,E,任务信息,任务ID：字符串，唯一标识；任务名称：字符串，最大长度50；创建者ID：字符串；创建时间：日期时间类型,8
,,,,任务管理,修改任务,W,任务信息,任务ID：字符串，唯一标识；任务名称：字符串，最大长度50；修改内容：字符串；修改时间：日期时间类型,6
,,,,任务管理,删除任务,X,任务信息,任务ID：字符串，唯一标识；删除时间：日期时间类型,6
,,,,任务管理,查询任务,R,任务信息,任务ID：字符串，唯一标识；任务名称：字符串，最大长度50；查询时间：日期时间类型,4
,,,,任务管理,暂停任务,W,任务状态信息,任务ID：字符串，唯一标识；状态：枚举（暂停）；更新时间：日期时间类型,6
,,,,任务管理,继续任务,W,任务状态信息,任务ID：字符串，唯一标识；状态：枚举（执行中）；更新时间：日期时间类型,6
,,,,任务管理,终止任务,W,任务状态信息,任务ID：字符串，唯一标识；状态：枚举（终止）；更新时间：日期时间类型,6
,,,,任务管理,查看任务执行进度,R,任务进度信息,任务ID：字符串，唯一标识；进度：数值型（百分比）；更新时间：日期时间类型,4
,,,,任务管理,查看任务执行结果,R,任务结果信息,任务ID：字符串，唯一标识；结果状态：枚举（成功、失败）；结果描述：字符串，最大长度200,4
,,,,任务管理,绑定执行机,W,绑定信息,绑定ID：字符串，唯一标识；任务ID：字符串；执行机ID：字符串；绑定时间：日期时间类型,6
,,,,任务管理,绑定浏览器,W,绑定信息,绑定ID：字符串，唯一标识；任务ID：字符串；浏览器ID：字符串；绑定时间：日期时间类型,6
Web自动化管理,用户：平台用户 接收者：报告管理,支持任务执行结果的统计分析及报告生成，支持报告的下载及查询。,,报告管理,生成任务执行结果报告,E,报告信息,报告ID：字符串，唯一标识；任务ID：字符串；生成时间：日期时间类型；内容：JSON格式,8
,,,,报告管理,统计任务执行结果,R,统计信息,任务ID：字符串，唯一标识；成功率：数值型；失败率：数值型；统计时间：日期时间类型,6
,,,,报告管理,下载报告,R,报告信息,报告ID：字符串，唯一标识；下载路径：字符串；下载时间：日期时间类型,6
,,,,报告管理,查询报告,R,报告信息,报告ID：字符串，唯一标识；任务ID：字符串；查询时间：日期时间类型,4
Web自动化管理,用户：平台用户 接收者：缺陷管理,支持缺陷的新增、修改、查询操作。支持缺陷绑定任务及脚本。,,缺陷管理,新增缺陷,E,缺陷信息,缺陷ID：字符串，唯一标识；标题：字符串，最大长度100；描述：字符串，最大长度500；创建时间：日期时间类型,8
,,,,缺陷管理,修改缺陷,W,缺陷信息,缺陷ID：字符串，唯一标识；标题：字符串，最大长度100；修改内容：字符串；修改时间：日期时间类型,6
,,,,缺陷管理,查询缺陷,R,缺陷信息,缺陷ID：字符串，唯一标识；标题：字符串，最大长度100；查询时间：日期时间类型,4
,,,,缺陷管理,绑定任务,W,绑定信息,绑定ID：字符串，唯一标识；缺陷ID：字符串；任务ID：字符串；绑定时间：日期时间类型,6
,,,,缺陷管理,绑定脚本,W,绑定信息,绑定ID：字符串，唯一标识；缺陷ID：字符串；脚本ID：字符串；绑定时间：日期时间类型,6
Web自动化管理,用户：平台用户 接收者：环境管理,支持Web环境的新增、修改、删除、查询操作。支持配置Host文件及URL访问。,,环境管理,新增Web环境,E,环境信息,环境ID：字符串，唯一标识；名称：字符串，最大长度50；创建时间：日期时间类型,7
,,,,环境管理,修改Web环境,W,环境信息,环境ID：字符串，唯一标识；名称：字符串，最大长度50；修改内容：字符串；修改时间：日期时间类型,6
,,,,环境管理,删除Web环境,X,环境信息,环境ID：字符串，唯一标识；删除时间：日期时间类型,6
,,,,环境管理,查询Web环境,R,环境信息,环境ID：字符串，唯一标识；名称：字符串，最大长度50；查询时间：日期时间类型,4
,,,,环境管理,配置Host文件,W,Host配置信息,环境ID：字符串，唯一标识；域名：字符串；IP地址：字符串；更新时间：日期时间类型,6
,,,,环境管理,测试URL访问,R,访问测试信息,环境ID：字符串，唯一标识；URL：字符串；测试结果：枚举（成功、失败）；测试时间：日期时间类型,4
,,,,,,,,,
,,,,,,,,,
客户需求,功能用户,功能用户需求,触发事件,功能过程,子过程描述,数据移动类型,数据组,数据属性,CFP
桌面自动化管理,用户：平台用户 接收者：桌面执行机管理,支持Windows、Mac OS、Linux桌面执行机的配置、查询、删除操作。支持查看执行机状态及资源使用情况。,,桌面执行机管理,配置桌面执行机,E/W,执行机信息,执行机ID：字符串，唯一标识；系统类型：枚举（Windows、Mac OS、Linux）；IP地址：字符串；配置时间：日期时间类型,8
,,,,桌面执行机管理,查询桌面执行机,R,执行机信息,执行机ID：字符串，唯一标识；系统类型：枚举（Windows、Mac OS、Linux）；查询时间：日期时间类型,4
,,,,桌面执行机管理,删除桌面执行机,X,执行机信息,执行机ID：字符串，唯一标识；删除时间：日期时间类型,6
,,,,桌面执行机管理,查看执行机状态,R,执行机状态信息,执行机ID：字符串，唯一标识；状态：枚举（空闲、忙碌、故障）；更新时间：日期时间类型,4
,,,,桌面执行机管理,查看资源使用情况,R,资源使用信息,执行机ID：字符串，唯一标识；CPU使用率：数值型（百分比）；内存使用率：数值型（百分比）；查询时间：日期时间类型,4
桌面自动化管理,用户：平台用户 接收者：脚本设计,支持桌面端脚本的创建、修改、删除、查询操作。支持脚本绑定测试用例及执行机。,,脚本设计,创建桌面脚本,E,脚本信息,脚本ID：字符串，唯一标识；名称：字符串，最大长度50；创建者ID：字符串；创建时间：日期时间类型,7
,,,,脚本设计,修改桌面脚本,W,脚本信息,脚本ID：字符串，唯一标识；名称：字符串，最大长度50；修改内容：字符串；修改时间：日期时间类型,6
,,,,脚本设计,删除桌面脚本,X,脚本信息,脚本ID：字符串，唯一标识；删除时间：日期时间类型,6
,,,,脚本设计,查询桌面脚本,R,脚本信息,脚本ID：字符串，唯一标识；名称：字符串，最大长度50；查询时间：日期时间类型,4
,,,,脚本设计,绑定测试用例,W,绑定信息,绑定ID：字符串，唯一标识；脚本ID：字符串；用例ID：字符串；绑定时间：日期时间类型,6
,,,,脚本设计,绑定执行机,W,绑定信息,绑定ID：字符串，唯一标识；脚本ID：字符串；执行机ID：字符串；绑定时间：日期时间类型,6
桌面自动化管理,用户：平台用户 接收者：任务管理,支持任务的新增、修改、删除、查询、暂停、继续、终止操作。支持任务绑定执行机。,,任务管理,新增任务,E,任务信息,任务ID：字符串，唯一标识；任务名称：字符串，最大长度50；创建者ID：字符串；创建时间：日期时间类型,8
,,,,任务管理,修改任务,W,任务信息,任务ID：字符串，唯一标识；任务名称：字符串，最大长度50；修改内容：字符串；修改时间：日期时间类型,6
,,,,任务管理,删除任务,X,任务信息,任务ID：字符串，唯一标识；删除时间：日期时间类型,6
,,,,任务管理,查询任务,R,任务信息,任务ID：字符串，唯一标识；任务名称：字符串，最大长度50；查询时间：日期时间类型,4
,,,,任务管理,暂停任务,W,任务状态信息,任务ID：字符串，唯一标识；状态：枚举（暂停）；更新时间：日期时间类型,6
,,,,任务管理,继续任务,W,任务状态信息,任务ID：字符串，唯一标识；状态：枚举（执行中）；更新时间：日期时间类型,6
,,,,任务管理,终止任务,W,任务状态信息,任务ID：字符串，唯一标识；状态：枚举（终止）；更新时间：日期时间类型,6
,,,,任务管理,查看任务执行进度,R,任务进度信息,任务ID：字符串，唯一标识；进度：数值型（百分比）；更新时间：日期时间类型,4
,,,,任务管理,查看任务执行结果,R,任务结果信息,任务ID：字符串，唯一标识；结果状态：枚举（成功、失败）；结果描述：字符串，最大长度200,4
,,,,任务管理,绑定执行机,W,绑定信息,绑定ID：字符串，唯一标识；任务ID：字符串；执行机ID：字符串；绑定时间：日期时间类型,6
桌面自动化管理,用户：平台用户 接收者：报告管理,支持任务执行结果的统计分析及报告生成，支持报告的下载及查询。,,报告管理,生成任务执行结果报告,E,报告信息,报告ID：字符串，唯一标识；任务ID：字符串；生成时间：日期时间类型；内容：JSON格式,8
,,,,报告管理,统计任务执行结果,R,统计信息,任务ID：字符串，唯一标识；成功率：数值型；失败率：数值型；统计时间：日期时间类型,6
,,,,报告管理,下载报告,R,报告信息,报告ID：字符串，唯一标识；下载路径：字符串；下载时间：日期时间类型,6
,,,,报告管理,查询报告,R,报告信息,报告ID：字符串，唯一标识；任务ID：字符串；查询时间：日期时间类型,4
桌面自动化管理,用户：平台用户 接收者：缺陷管理,支持缺陷的新增、修改、查询操作。支持缺陷绑定任务及脚本。,,缺陷管理,新增缺陷,E,缺陷信息,缺陷ID：字符串，唯一标识；标题：字符串，最大长度100；描述：字符串，最大长度500；创建时间：日期时间类型,8
,,,,缺陷管理,修改缺陷,W,缺陷信息,缺陷ID：字符串，唯一标识；标题：字符串，最大长度100；修改内容：字符串；修改时间：日期时间类型,6
,,,,缺陷管理,查询缺陷,R,缺陷信息,缺陷ID：字符串，唯一标识；标题：字符串，最大长度100；查询时间：日期时间类型,4
,,,,缺陷管理,绑定任务,W,绑定信息,绑定ID：字符串，唯一标识；缺陷ID：字符串；任务ID：字符串；绑定时间：日期时间类型,6
,,,,缺陷管理,绑定脚本,W,绑定信息,绑定ID：字符串，唯一标识；缺陷ID：字符串；脚本ID：字符串；绑定时间：日期时间类型,6
桌面自动化管理,用户：平台用户 接收者：环境管理,支持桌面环境的新增、修改、删除、查询操作。支持配置环境参数。,,环境管理,新增桌面环境,E,环境信息,环境ID：字符串，唯一标识；名称：字符串，最大长度50；创建时间：日期时间类型,7
,,,,环境管理,修改桌面环境,W,环境信息,环境ID：字符串，唯一标识；名称：字符串，最大长度50；修改内容：字符串；修改时间：日期时间类型,6
,,,,环境管理,删除桌面环境,X,环境信息,环境ID：字符串，唯一标识；删除时间：日期时间类型,6
,,,,环境管理,查询桌面环境,R,环境信息,环境ID：字符串，唯一标识；名称：字符串，最大长度50；查询时间：日期时间类型,4
,,,,环境管理,配置环境参数,W,环境参数信息,环境ID：字符串，唯一标识；参数名称：字符串，最大长度50；参数值：字符串；更新时间：日期时间类型,6
客户需求,功能用户,功能用户需求,触发事件,功能过程,子过程描述,数据移动类型,数据组,数据属性,CFP
AI引擎,用户：平台用户 接收者：模型管理,支持AI模型的上传、下载、删除、查询操作。支持模型版本管理及状态查看。,,模型管理,上传AI模型,E,模型信息,模型ID：字符串，唯一标识；名称：字符串，最大长度50；版本号：字符串；文件路径：字符串；上传时间：日期时间类型,8
,,,,模型管理,下载AI模型,R,模型信息,模型ID：字符串，唯一标识；名称：字符串，最大长度50；版本号：字符串；下载路径：字符串；下载时间：日期时间类型,6
,,,,模型管理,删除AI模型,X,模型信息,模型ID：字符串，唯一标识；删除时间：日期时间类型,6
,,,,模型管理,查询AI模型,R,模型信息,模型ID：字符串，唯一标识；名称：字符串，最大长度50；版本号：字符串；查询时间：日期时间类型,4
,,,,模型管理,查看模型版本,R,版本信息,模型ID：字符串，唯一标识；版本号：字符串；发布日期：日期时间类型,4
,,,,模型管理,查看模型状态,R,模型状态信息,模型ID：字符串，唯一标识；状态：枚举（可用、训练中、失效）；更新时间：日期时间类型,4
AI引擎,用户：平台用户 接收者：训练任务管理,支持AI模型训练任务的新增、修改、删除、查询、暂停、继续、终止操作。支持绑定数据集及执行机。,,训练任务管理,新增训练任务,E,任务信息,任务ID：字符串，唯一标识；任务名称：字符串，最大长度50；模型ID：字符串；创建时间：日期时间类型,8
,,,,训练任务管理,修改训练任务,W,任务信息,任务ID：字符串，唯一标识；任务名称：字符串，最大长度50；修改内容：字符串；修改时间：日期时间类型,6
,,,,训练任务管理,删除训练任务,X,任务信息,任务ID：字符串，唯一标识；删除时间：日期时间类型,6
,,,,训练任务管理,查询训练任务,R,任务信息,任务ID：字符串，唯一标识；任务名称：字符串，最大长度50；查询时间：日期时间类型,4
,,,,训练任务管理,暂停训练任务,W,任务状态信息,任务ID：字符串，唯一标识；状态：枚举（暂停）；更新时间：日期时间类型,6
,,,,训练任务管理,继续训练任务,W,任务状态信息,任务ID：字符串，唯一标识；状态：枚举（执行中）；更新时间：日期时间类型,6
,,,,训练任务管理,终止训练任务,W,任务状态信息,任务ID：字符串，唯一标识；状态：枚举（终止）；更新时间：日期时间类型,6
,,,,训练任务管理,查看训练任务进度,R,任务进度信息,任务ID：字符串，唯一标识；进度：数值型（百分比）；更新时间：日期时间类型,4
,,,,训练任务管理,绑定数据集,W,绑定信息,绑定ID：字符串，唯一标识；任务ID：字符串；数据集ID：字符串；绑定时间：日期时间类型,6
,,,,训练任务管理,绑定执行机,W,绑定信息,绑定ID：字符串，唯一标识；任务ID：字符串；执行机ID：字符串；绑定时间：日期时间类型,6
AI引擎,用户：平台用户 接收者：推理任务管理,支持AI模型推理任务的新增、修改、删除、查询、暂停、继续、终止操作。支持绑定输入数据及执行机。,,推理任务管理,新增推理任务,E,任务信息,任务ID：字符串，唯一标识；任务名称：字符串，最大长度50；模型ID：字符串；创建时间：日期时间类型,8
,,,,推理任务管理,修改推理任务,W,任务信息,任务ID：字符串，唯一标识；任务名称：字符串，最大长度50；修改内容：字符串；修改时间：日期时间类型,6
,,,,推理任务管理,删除推理任务,X,任务信息,任务ID：字符串，唯一标识；删除时间：日期时间类型,6
,,,,推理任务管理,查询推理任务,R,任务信息,任务ID：字符串，唯一标识；任务名称：字符串，最大长度50；查询时间：日期时间类型,4
,,,,推理任务管理,暂停推理任务,W,任务状态信息,任务ID：字符串，唯一标识；状态：枚举（暂停）；更新时间：日期时间类型,6
,,,,推理任务管理,继续推理任务,W,任务状态信息,任务ID：字符串，唯一标识；状态：枚举（执行中）；更新时间：日期时间类型,6
,,,,推理任务管理,终止推理任务,W,任务状态信息,任务ID：字符串，唯一标识；状态：枚举（终止）；更新时间：日期时间类型,6
,,,,推理任务管理,查看推理任务进度,R,任务进度信息,任务ID：字符串，唯一标识；进度：数值型（百分比）；更新时间：日期时间类型,4
,,,,推理任务管理,查看推理结果,R,推理结果信息,任务ID：字符串，唯一标识；结果数据：JSON格式；完成时间：日期时间类型,4
,,,,推理任务管理,绑定输入数据,W,绑定信息,绑定ID：字符串，唯一标识；任务ID：字符串；数据ID：字符串；绑定时间：日期时间类型,6
,,,,推理任务管理,绑定执行机,W,绑定信息,绑定ID：字符串，唯一标识；任务ID：字符串；执行机ID：字符串；绑定时间：日期时间类型,6
AI引擎,用户：平台用户 接收者：报告管理,支持训练及推理任务结果的统计分析及报告生成，支持报告的下载及查询。,,报告管理,生成训练任务报告,E,报告信息,报告ID：字符串，唯一标识；任务ID：字符串；生成时间：日期时间类型；内容：JSON格式,8
,,,,报告管理,生成推理任务报告,E,报告信息,报告ID：字符串，唯一标识；任务ID：字符串；生成时间：日期时间类型；内容：JSON格式,8
,,,,报告管理,统计任务结果,R,统计信息,任务ID：字符串，唯一标识；成功率：数值型；失败率：数值型；统计时间：日期时间类型,6
,,,,报告管理,下载报告,R,报告信息,报告ID：字符串，唯一标识；下载路径：字符串；下载时间：日期时间类型,6
,,,,报告管理,查询报告,R,报告信息,报告ID：字符串，唯一标识；任务ID：字符串；查询时间：日期时间类型,4
AI引擎,用户：平台用户 接收者：数据集管理,支持数据集的上传、下载、删除、查询操作。支持数据集预览及版本管理。,,数据集管理,上传数据集,E,数据集信息,数据集ID：字符串，唯一标识；名称：字符串，最大长度50；文件路径：字符串；上传时间：日期时间类型,8
,,,,数据集管理,下载数据集,R,数据集信息,数据集ID：字符串，唯一标识；名称：字符串，最大长度50；下载路径：字符串；下载时间：日期时间类型,6
,,,,数据集管理,删除数据集,X,数据集信息,数据集ID：字符串，唯一标识；删除时间：日期时间类型,6
,,,,数据集管理,查询数据集,R,数据集信息,数据集ID：字符串，唯一标识；名称：字符串，最大长度50；查询时间：日期时间类型,4
,,,,数据集管理,预览数据集,R,数据集预览信息,数据集ID：字符串，唯一标识；预览内容：JSON格式；预览时间：日期时间类型,4
,,,,数据集管理,查看数据集版本,R,版本信息,数据集ID：字符串，唯一标识；版本号：字符串；发布日期：日期时间类型,4
,,,,,,,,,
,,,,,,,,,
客户需求,功能用户,功能用户需求,触发事件,功能过程,子过程描述,数据移动类型,数据组,数据属性,CFP
AI引擎,用户：平台用户 接收者：模型管理,支持AI模型的上传、下载、删除、查询操作。支持模型版本管理及状态查看。,,模型管理,上传AI模型,E,模型信息,模型ID：字符串，唯一标识；名称：字符串，最大长度50；版本号：字符串；文件路径：字符串；上传时间：日期时间类型,8
,,,,模型管理,下载AI模型,R,模型信息,模型ID：字符串，唯一标识；名称：字符串，最大长度50；版本号：字符串；下载路径：字符串；下载时间：日期时间类型,6
,,,,模型管理,删除AI模型,X,模型信息,模型ID：字符串，唯一标识；删除时间：日期时间类型,6
,,,,模型管理,查询AI模型,R,模型信息,模型ID：字符串，唯一标识；名称：字符串，最大长度50；版本号：字符串；查询时间：日期时间类型,4
,,,,模型管理,查看模型版本,R,版本信息,模型ID：字符串，唯一标识；版本号：字符串；发布日期：日期时间类型,4
,,,,模型管理,查看模型状态,R,模型状态信息,模型ID：字符串，唯一标识；状态：枚举（可用、训练中、失效）；更新时间：日期时间类型,4
AI引擎,用户：平台用户 接收者：训练任务管理,支持AI模型训练任务的新增、修改、删除、查询、暂停、继续、终止操作。支持绑定数据集及执行机。,,训练任务管理,新增训练任务,E,任务信息,任务ID：字符串，唯一标识；任务名称：字符串，最大长度50；模型ID：字符串；创建时间：日期时间类型,8
,,,,训练任务管理,修改训练任务,W,任务信息,任务ID：字符串，唯一标识；任务名称：字符串，最大长度50；修改内容：字符串；修改时间：日期时间类型,6
,,,,训练任务管理,删除训练任务,X,任务信息,任务ID：字符串，唯一标识；删除时间：日期时间类型,6
,,,,训练任务管理,查询训练任务,R,任务信息,任务ID：字符串，唯一标识；任务名称：字符串，最大长度50；查询时间：日期时间类型,4
,,,,训练任务管理,暂停训练任务,W,任务状态信息,任务ID：字符串，唯一标识；状态：枚举（暂停）；更新时间：日期时间类型,6
,,,,训练任务管理,继续训练任务,W,任务状态信息,任务ID：字符串，唯一标识；状态：枚举（执行中）；更新时间：日期时间类型,6
,,,,训练任务管理,终止训练任务,W,任务状态信息,任务ID：字符串，唯一标识；状态：枚举（终止）；更新时间：日期时间类型,6
,,,,训练任务管理,查看训练任务进度,R,任务进度信息,任务ID：字符串，唯一标识；进度：数值型（百分比）；更新时间：日期时间类型,4
,,,,训练任务管理,绑定数据集,W,绑定信息,绑定ID：字符串，唯一标识；任务ID：字符串；数据集ID：字符串；绑定时间：日期时间类型,6
,,,,训练任务管理,绑定执行机,W,绑定信息,绑定ID：字符串，唯一标识；任务ID：字符串；执行机ID：字符串；绑定时间：日期时间类型,6
AI引擎,用户：平台用户 接收者：推理任务管理,支持AI模型推理任务的新增、修改、删除、查询、暂停、继续、终止操作。支持绑定输入数据及执行机。,,推理任务管理,新增推理任务,E,任务信息,任务ID：字符串，唯一标识；任务名称：字符串，最大长度50；模型ID：字符串；创建时间：日期时间类型,8
,,,,推理任务管理,修改推理任务,W,任务信息,任务ID：字符串，唯一标识；任务名称：字符串，最大长度50；修改内容：字符串；修改时间：日期时间类型,6
,,,,推理任务管理,删除推理任务,X,任务信息,任务ID：字符串，唯一标识；删除时间：日期时间类型,6
,,,,推理任务管理,查询推理任务,R,任务信息,任务ID：字符串，唯一标识；任务名称：字符串，最大长度50；查询时间：日期时间类型,4
,,,,推理任务管理,暂停推理任务,W,任务状态信息,任务ID：字符串，唯一标识；状态：枚举（暂停）；更新时间：日期时间类型,6
,,,,推理任务管理,继续推理任务,W,任务状态信息,任务ID：字符串，唯一标识；状态：枚举（执行中）；更新时间：日期时间类型,6
,,,,推理任务管理,终止推理任务,W,任务状态信息,任务ID：字符串，唯一标识；状态：枚举（终止）；更新时间：日期时间类型,6
,,,,推理任务管理,查看推理任务进度,R,任务进度信息,任务ID：字符串，唯一标识；进度：数值型（百分比）；更新时间：日期时间类型,4
,,,,推理任务管理,查看推理结果,R,推理结果信息,任务ID：字符串，唯一标识；结果数据：JSON格式；完成时间：日期时间类型,4
,,,,推理任务管理,绑定输入数据,W,绑定信息,绑定ID：字符串，唯一标识；任务ID：字符串；数据ID：字符串；绑定时间：日期时间类型,6
,,,,推理任务管理,绑定执行机,W,绑定信息,绑定ID：字符串，唯一标识；任务ID：字符串；执行机ID：字符串；绑定时间：日期时间类型,6
AI引擎,用户：平台用户 接收者：报告管理,支持训练及推理任务结果的统计分析及报告生成，支持报告的下载及查询。,,报告管理,生成训练任务报告,E,报告信息,报告ID：字符串，唯一标识；任务ID：字符串；生成时间：日期时间类型；内容：JSON格式,8
,,,,报告管理,生成推理任务报告,E,报告信息,报告ID：字符串，唯一标识；任务ID：字符串；生成时间：日期时间类型；内容：JSON格式,8
,,,,报告管理,统计任务结果,R,统计信息,任务ID：字符串，唯一标识；成功率：数值型；失败率：数值型；统计时间：日期时间类型,6
,,,,报告管理,下载报告,R,报告信息,报告ID：字符串，唯一标识；下载路径：字符串；下载时间：日期时间类型,6
,,,,报告管理,查询报告,R,报告信息,报告ID：字符串，唯一标识；任务ID：字符串；查询时间：日期时间类型,4
AI引擎,用户：平台用户 接收者：数据集管理,支持数据集的上传、下载、删除、查询操作。支持数据集预览及版本管理。,,数据集管理,上传数据集,E,数据集信息,数据集ID：字符串，唯一标识；名称：字符串，最大长度50；文件路径：字符串；上传时间：日期时间类型,8
,,,,数据集管理,下载数据集,R,数据集信息,数据集ID：字符串，唯一标识；名称：字符串，最大长度50；下载路径：字符串；下载时间：日期时间类型,6
,,,,数据集管理,删除数据集,X,数据集信息,数据集ID：字符串，唯一标识；删除时间：日期时间类型,6
,,,,数据集管理,查询数据集,R,数据集信息,数据集ID：字符串，唯一标识；名称：字符串，最大长度50；查询时间：日期时间类型,4
,,,,数据集管理,预览数据集,R,数据集预览信息,数据集ID：字符串，唯一标识；预览内容：JSON格式；预览时间：日期时间类型,4
,,,,数据集管理,查看数据集版本,R,版本信息,数据集ID：字符串，唯一标识；版本号：字符串；发布日期：日期时间类型,4
